image,club
arsenal.1.jpg,Arsenal
arsenal.2.jpg,Arsenal
arsenal.3.jpg,Arsenal
arsenal.4.jpg,Arsenal
arsenal.5.jpg,Arsenal
arsenal.6.jpg,Arsenal
arsenal.7.jpg,Arsenal
arsenal.8.jpg,Arsenal
arsenal.9.jpg,Arsenal
arsenal.10.jpg,Arsenal
arsenal.11.jpg,Arsenal
arsenal.12.jpg,Arsenal
arsenal.13.jpg,Arsenal
arsenal.14.jpg,Arsenal
arsenal.15.jpg,Arsenal
arsenal.16.jpg,Arsenal
arsenal.17.jpg,Arsenal
arsenal.18.jpg,Arsenal
arsenal.19.jpg,Arsenal
arsenal.20.jpg,Arsenal
arsenal.21.jpg,Arsenal
arsenal.22.jpg,Arsenal
arsenal.23.jpg,Arsenal
arsenal.24.jpg,Arsenal
arsenal.25.jpg,Arsenal
astonvilla.1.jpg,Aston_Villa
astonvilla.2.jpg,Aston_Villa
astonvilla.3.jpg,Aston_Villa
astonvilla.4.jpg,Aston_Villa
astonvilla.5.jpg,Aston_Villa
astonvilla.6.jpg,Aston_Villa
astonvilla.7.jpg,Aston_Villa
astonvilla.8.jpg,Aston_Villa
astonvilla.9.jpg,Aston_Villa
astonvilla.10.jpg,Aston_Villa
astonvilla.11.jpg,Aston_Villa
astonvilla.12.jpg,Aston_Villa
astonvilla.13.jpg,Aston_Villa
astonvilla.14.jpg,Aston_Villa
astonvilla.15.jpg,Aston_Villa
astonvilla.16.jpg,Aston_Villa
astonvilla.17.jpg,Aston_Villa
astonvilla.18.jpg,Aston_Villa
astonvilla.19.jpg,Aston_Villa
astonvilla.20.jpg,Aston_Villa
astonvilla.21.jpg,Aston_Villa
astonvilla.22.jpg,Aston_Villa
astonvilla.23.jpg,Aston_Villa
astonvilla.24.jpg,Aston_Villa
astonvilla.25.jpg,Aston_Villa
bournemouth.1.jpg,AFC_Bournemouth
bournemouth.2.jpg,AFC_Bournemouth
bournemouth.3.jpg,AFC_Bournemouth
bournemouth.4.jpg,AFC_Bournemouth
bournemouth.5.jpg,AFC_Bournemouth
bournemouth.6.jpg,AFC_Bournemouth
bournemouth.7.jpg,AFC_Bournemouth
bournemouth.8.jpg,AFC_Bournemouth
bournemouth.9.jpg,AFC_Bournemouth
bournemouth.10.jpg,AFC_Bournemouth
bournemouth.11.jpg,AFC_Bournemouth
bournemouth.12.jpg,AFC_Bournemouth
bournemouth.13.jpg,AFC_Bournemouth
bournemouth.14.jpg,AFC_Bournemouth
bournemouth.14.jpg,AFC_Bournemouth
bournemouth.15.jpg,AFC_Bournemouth
bournemouth.16.jpg,AFC_Bournemouth
bournemouth.17.jpg,AFC_Bournemouth
bournemouth.18.jpg,AFC_Bournemouth
bournemouth.19.jpg,AFC_Bournemouth
bournemouth.20.jpg,AFC_Bournemouth
bournemouth.21.jpg,AFC_Bournemouth
bournemouth.22.jpg,AFC_Bournemouth
bournemouth.23.jpg,AFC_Bournemouth
bournemouth.24.jpg,AFC_Bournemouth
bournemouth.25.jpg,AFC_Bournemouth
brightonandhovealbion.1.jpg,Brighton_and_Hove_Albion
brightonandhovealbion.2.jpg,Brighton_and_Hove_Albion
brightonandhovealbion.3.jpg,Brighton_and_Hove_Albion
brightonandhovealbion.4.jpg,Brighton_and_Hove_Albion
brightonandhovealbion.5.jpg,Brighton_and_Hove_Albion
brightonandhovealbion.6.jpg,Brighton_and_Hove_Albion
brightonandhovealbion.7.jpg,Brighton_and_Hove_Albion
brightonandhovealbion.8.jpg,Brighton_and_Hove_Albion
brightonandhovealbion.9.jpg,Brighton_and_Hove_Albion
brightonandhovealbion.10.jpg,Brighton_and_Hove_Albion
brightonandhovealbion.11.jpg,Brighton_and_Hove_Albion
brightonandhovealbion.12.jpg,Brighton_and_Hove_Albion
brightonandhovealbion.13.jpg,Brighton_and_Hove_Albion
brightonandhovealbion.14.jpg,Brighton_and_Hove_Albion
brightonandhovealbion.15.jpg,Brighton_and_Hove_Albion
brightonandhovealbion.16.jpg,Brighton_and_Hove_Albion
brightonandhovealbion.17.jpg,Brighton_and_Hove_Albion
brightonandhovealbion.18.jpg,Brighton_and_Hove_Albion
brightonandhovealbion.19.jpg,Brighton_and_Hove_Albion
brightonandhovealbion.20.jpg,Brighton_and_Hove_Albion
brightonandhovealbion.21.jpg,Brighton_and_Hove_Albion
brightonandhovealbion.22.jpg,Brighton_and_Hove_Albion
brightonandhovealbion.23.jpg,Brighton_and_Hove_Albion
brightonandhovealbion.24.jpg,Brighton_and_Hove_Albion
brightonandhovealbion.25.jpg,Brighton_and_Hove_Albion
burnley.1.jpg,Burnley
burnley.2.jpg,Burnley
burnley.3.jpg,Burnley
burnley.4.jpg,Burnley
burnley.5.jpg,Burnley
burnley.6.jpg,Burnley
burnley.7.jpg,Burnley
burnley.8.jpg,Burnley
burnley.9.jpg,Burnley
burnley.10.jpg,Burnley
burnley.11.jpg,Burnley
burnley.12.jpg,Burnley
burnley.13.jpg,Burnley
burnley.14.jpg,Burnley
burnley.15.jpg,Burnley
burnley.16.jpg,Burnley
burnley.17.jpg,Burnley
burnley.18.jpg,Burnley
burnley.19.jpg,Burnley
burnley.20.jpg,Burnley
burnley.21.jpg,Burnley
burnley.22.jpg,Burnley
burnley.23.jpg,Burnley
burnley.24.jpg,Burnley
burnley.25.jpg,Burnley
chelsea.1.jpg,Chelsea
chelsea.2.jpg,Chelsea
chelsea.3.jpg,Chelsea
chelsea.4.jpg,Chelsea
chelsea.5.jpg,Chelsea
chelsea.6.jpg,Chelsea
chelsea.7.jpg,Chelsea
chelsea.8.jpg,Chelsea
chelsea.9.jpg,Chelsea
chelsea.10.jpg,Chelsea
chelsea.11.jpg,Chelsea
chelsea.12.jpg,Chelsea
chelsea.13.jpg,Chelsea
chelsea.14.jpg,Chelsea
chelsea.15.jpg,Chelsea
chelsea.16.jpg,Chelsea
chelsea.17.jpg,Chelsea
chelsea.18.jpg,Chelsea
chelsea.19.jpg,Chelsea
chelsea.20.jpg,Chelsea
chelsea.21.jpg,Chelsea
chelsea.22.jpg,Chelsea
chelsea.23.jpg,Chelsea
chelsea.24.jpg,Chelsea
chelsea.25.jpg,Chelsea
crystal.1.jpg,Crystal_Palace
crystal.2.jpg,Crystal_Palace
crystal.3.jpg,Crystal_Palace
crystal.4.jpg,Crystal_Palace
crystal.5.jpg,Crystal_Palace
crystal.6.jpg,Crystal_Palace
crystal.7.jpg,Crystal_Palace
crystal.8.jpg,Crystal_Palace
crystal.9.jpg,Crystal_Palace
crystal.10.jpg,Crystal_Palace
crystal.11.jpg,Crystal_Palace
crystal.12.jpg,Crystal_Palace
crystal.13.jpg,Crystal_Palace
crystal.14.jpg,Crystal_Palace
crystal.15.jpg,Crystal_Palace
crystal.16.jpg,Crystal_Palace
crystal.17.jpg,Crystal_Palace
crystal.18.jpg,Crystal_Palace
crystal.19.jpg,Crystal_Palace
crystal.20.jpg,Crystal_Palace
crystal.21.jpg,Crystal_Palace
crystal.22.jpg,Crystal_Palace
crystal.23.jpg,Crystal_Palace
crystal.24.jpg,Crystal_Palace
crystal.25.jpg,Crystal_Palace
everton.1.jpg,Everton
everton.2.jpg,Everton
everton.3.jpg,Everton
everton.4.jpg,Everton
everton.5.jpg,Everton
everton.6.jpg,Everton
everton.7.jpg,Everton
everton.8.jpg,Everton
everton.9.jpg,Everton
everton.10.jpg,Everton
everton.11.jpg,Everton
everton.12.jpg,Everton
everton.13.jpg,Everton
everton.14.jpg,Everton
everton.15.jpg,Everton
everton.16.jpg,Everton
everton.17.jpg,Everton
everton.18.jpg,Everton
everton.19.jpg,Everton
everton.20.jpg,Everton
everton.21.jpg,Everton
everton.22.jpg,Everton
everton.23.jpg,Everton
everton.24.jpg,Everton
everton.25.jpg,Everton
lec.1.jpg,Leicester_City
lec.2.jpg,Leicester_City
lec.3.jpg,Leicester_City
lec.4.jpg,Leicester_City
lec.5.jpg,Leicester_City
lec.6.jpg,Leicester_City
lec.7.jpg,Leicester_City
lec.8.jpg,Leicester_City
lec.9.jpg,Leicester_City
lec.10.jpg,Leicester_City
lec.11.jpg,Leicester_City
lec.12.jpg,Leicester_City
lec.13.jpg,Leicester_City
lec.14.jpg,Leicester_City
lec.15.jpg,Leicester_City
lec.16.jpg,Leicester_City
lec.17.jpg,Leicester_City
lec.18.jpg,Leicester_City
lec.19.jpg,Leicester_City
lec.20.jpg,Leicester_City
lec.21.jpg,Leicester_City
lec.22.jpg,Leicester_City
lec.23.jpg,Leicester_City
lec.24.jpg,Leicester_City
lec.25.jpg,Leicester_City
lec.25.jpg,Leicester_City
liverpool.1.jpg,Liverpool
liverpool.2.jpg,Liverpool
liverpool.3.jpg,Liverpool
liverpool.4.jpg,Liverpool
liverpool.5.jpg,Liverpool
liverpool.6.jpg,Liverpool
liverpool.7.jpg,Liverpool
liverpool.8.jpg,Liverpool
liverpool.9.jpg,Liverpool
liverpool.10.jpg,Liverpool
liverpool.11.jpg,Liverpool
liverpool.12.jpg,Liverpool
liverpool.13.jpg,Liverpool
liverpool.14.jpg,Liverpool
liverpool.15.jpg,Liverpool
liverpool.16.jpg,Liverpool
liverpool.17.jpg,Liverpool
liverpool.18.jpg,Liverpool
liverpool.19.jpg,Liverpool
liverpool.20.jpg,Liverpool
liverpool.21.jpg,Liverpool
liverpool.22.jpg,Liverpool
liverpool.23.jpg,Liverpool
liverpool.24.jpg,Liverpool
liverpool.25.jpg,Liverpool
mancity.1.jpg,Manchester_City
mancity.2.jpg,Manchester_City
mancity.3.jpg,Manchester_City
mancity.4.jpg,Manchester_City
mancity.5.jpg,Manchester_City
mancity.6.jpg,Manchester_City
mancity.7.jpg,Manchester_City
mancity.8.jpg,Manchester_City
mancity.9.jpg,Manchester_City
mancity.10.jpg,Manchester_City
mancity.11.jpg,Manchester_City
mancity.12.jpg,Manchester_City
mancity.13.jpg,Manchester_City
mancity.14.jpg,Manchester_City
mancity.15.jpg,Manchester_City
mancity.16.jpg,Manchester_City
mancity.17.jpg,Manchester_City
mancity.18.jpg,Manchester_City
mancity.19.jpg,Manchester_City
mancity.20.jpg,Manchester_City
mancity.21.jpg,Manchester_City
mancity.22.jpg,Manchester_City
mancity.23.jpg,Manchester_City
mancity.24.jpg,Manchester_City
mancity.25.jpg,Manchester_City
manutd.1.jpg,Manchester_United
manutd.2.jpg,Manchester_United
manutd.3.jpg,Manchester_United
manutd.4.jpg,Manchester_United
manutd.5.jpg,Manchester_United
manutd.6.jpg,Manchester_United
manutd.7.jpg,Manchester_United
manutd.8.jpg,Manchester_United
manutd.9.jpg,Manchester_United
manutd.10.jpg,Manchester_United
manutd.11.jpg,Manchester_United
manutd.12.jpg,Manchester_United
manutd.13.jpg,Manchester_United
manutd.14.jpg,Manchester_United
manutd.15.jpg,Manchester_United
manutd.16.jpg,Manchester_United
manutd.17.jpg,Manchester_United
manutd.18.jpg,Manchester_United
manutd.19.jpg,Manchester_United
manutd.20.jpg,Manchester_United
manutd.21.jpg,Manchester_United
manutd.22.jpg,Manchester_United
manutd.23.jpg,Manchester_United
manutd.24.jpg,Manchester_United
manutd.25.jpg,Manchester_United
newcastle.1.jpg,Newcastle_United
newcastle.2.jpg,Newcastle_United
newcastle.3.jpg,Newcastle_United
newcastle.4.jpg,Newcastle_United
newcastle.5.jpg,Newcastle_United
newcastle.6.jpg,Newcastle_United
newcastle.7.jpg,Newcastle_United
newcastle.8.jpg,Newcastle_United
newcastle.9.jpg,Newcastle_United
newcastle.10.jpg,Newcastle_United
newcastle.11.jpg,Newcastle_United
newcastle.12.jpg,Newcastle_United
newcastle.13.jpg,Newcastle_United
newcastle.14.jpg,Newcastle_United
newcastle.15.jpg,Newcastle_United
newcastle.16.jpg,Newcastle_United
newcastle.17.jpg,Newcastle_United
newcastle.18.jpg,Newcastle_United
newcastle.19.jpg,Newcastle_United
newcastle.20.jpg,Newcastle_United
newcastle.21.jpg,Newcastle_United
newcastle.22.jpg,Newcastle_United
newcastle.23.jpg,Newcastle_United
newcastle.24.jpg,Newcastle_United
newcastle.25.jpg,Newcastle_United
norwichcity.1.jpg,Norwich_City
norwichcity.2.jpg,Norwich_City
norwichcity.3.jpg,Norwich_City
norwichcity.4.jpg,Norwich_City
norwichcity.5.jpg,Norwich_City
norwichcity.6.jpg,Norwich_City
norwichcity.7.jpg,Norwich_City
norwichcity.8.jpg,Norwich_City
norwichcity.9.jpg,Norwich_City
norwichcity.10.jpg,Norwich_City
norwichcity.11.jpg,Norwich_City
norwichcity.12.jpg,Norwich_City
norwichcity.13.jpg,Norwich_City
norwichcity.14.jpg,Norwich_City
norwichcity.15.jpg,Norwich_City
norwichcity.16.jpg,Norwich_City
norwichcity.17.jpg,Norwich_City
norwichcity.18.jpg,Norwich_City
norwichcity.19.jpg,Norwich_City
norwichcity.20.jpg,Norwich_City
norwichcity.21.jpg,Norwich_City
norwichcity.22.jpg,Norwich_City
norwichcity.23.jpg,Norwich_City
norwichcity.24.jpg,Norwich_City
norwichcity.25.jpg,Norwich_City
sheffield.1.jpg,Sheffield_United
sheffield.2.jpg,Sheffield_United
sheffield.3.jpg,Sheffield_United
sheffield.4.jpg,Sheffield_United
sheffield.5.jpg,Sheffield_United
sheffield.6.jpg,Sheffield_United
sheffield.7.jpg,Sheffield_United
sheffield.8.jpg,Sheffield_United
sheffield.9.jpg,Sheffield_United
sheffield.10.jpg,Sheffield_United
sheffield.11.jpg,Sheffield_United
sheffield.12.jpg,Sheffield_United
sheffield.13.jpg,Sheffield_United
sheffield.14.jpg,Sheffield_United
sheffield.15.jpg,Sheffield_United
sheffield.16.jpg,Sheffield_United
sheffield.17.jpg,Sheffield_United
sheffield.18.jpg,Sheffield_United
sheffield.19.jpg,Sheffield_United
sheffield.20.jpg,Sheffield_United
sheffield.21.jpg,Sheffield_United
sheffield.22.jpg,Sheffield_United
sheffield.23.jpg,Sheffield_United
sheffield.24.jpg,Sheffield_United
sheffield.25.jpg,Sheffield_United
southampton.1.jpg,Southampton
southampton.2.jpg,Southampton
southampton.3.jpg,Southampton
southampton.4.jpg,Southampton
southampton.5.jpg,Southampton
southampton.6.jpg,Southampton
southampton.7.jpg,Southampton
southampton.8.jpg,Southampton
southampton.9.jpg,Southampton
southampton.10.jpg,Southampton
southampton.11.jpg,Southampton
southampton.12.jpg,Southampton
southampton.13.jpg,Southampton
southampton.14.jpg,Southampton
southampton.15.jpg,Southampton
southampton.16.jpg,Southampton
southampton.17.jpg,Southampton
southampton.18.jpg,Southampton
southampton.19.jpg,Southampton
southampton.20.jpg,Southampton
southampton.21.jpg,Southampton
southampton.22.jpg,Southampton
southampton.23.jpg,Southampton
southampton.24.jpg,Southampton
southampton.25.jpg,Southampton
tottenham.1.jpg,Tottenham_Hotspur
tottenham.2.jpg,Tottenham_Hotspur
tottenham.3.jpg,Tottenham_Hotspur
tottenham.4.jpg,Tottenham_Hotspur
tottenham.5.jpg,Tottenham_Hotspur
tottenham.6.jpg,Tottenham_Hotspur
tottenham.7.jpg,Tottenham_Hotspur
tottenham.8.jpg,Tottenham_Hotspur
tottenham.9.jpg,Tottenham_Hotspur
tottenham.10.jpg,Tottenham_Hotspur
tottenham.11.jpg,Tottenham_Hotspur
tottenham.12.jpg,Tottenham_Hotspur
tottenham.13.jpg,Tottenham_Hotspur
tottenham.14.jpg,Tottenham_Hotspur
tottenham.15.jpg,Tottenham_Hotspur
tottenham.16.jpg,Tottenham_Hotspur
tottenham.17.jpg,Tottenham_Hotspur
tottenham.18.jpg,Tottenham_Hotspur
tottenham.19.jpg,Tottenham_Hotspur
tottenham.20.jpg,Tottenham_Hotspur
tottenham.21.jpg,Tottenham_Hotspur
tottenham.22.jpg,Tottenham_Hotspur
tottenham.23.jpg,Tottenham_Hotspur
tottenham.24.jpg,Tottenham_Hotspur
tottenham.25.jpg,Tottenham_Hotspur
watford.1.jpg,Watford
watford.2.jpg,Watford
watford.3.jpg,Watford
watford.4.jpg,Watford
watford.5.jpg,Watford
watford.6.jpg,Watford
watford.7.jpg,Watford
watford.8.jpg,Watford
watford.9.jpg,Watford
watford.10.jpg,Watford
watford.11.jpg,Watford
watford.12.jpg,Watford
watford.13.jpg,Watford
watford.14.jpg,Watford
watford.15.jpg,Watford
watford.16.jpg,Watford
watford.17.jpg,Watford
watford.18.jpg,Watford
watford.19.jpg,Watford
watford.20.jpg,Watford
watford.21.jpg,Watford
watford.22.jpg,Watford
watford.23.jpg,Watford
watford.24.jpg,Watford
watford.25.jpg,Watford
westham.1.jpg,West_Ham_United
westham.2.jpg,West_Ham_United
westham.3.jpg,West_Ham_United
westham.4.jpg,West_Ham_United
westham.5.jpg,West_Ham_United
westham.6.jpg,West_Ham_United
westham.7.jpg,West_Ham_United
westham.8.jpg,West_Ham_United
westham.9.jpg,West_Ham_United
westham.10.jpg,West_Ham_United
westham.11.jpg,West_Ham_United
westham.12.jpg,West_Ham_United
westham.13.jpg,West_Ham_United
westham.14.jpg,West_Ham_United
westham.15.jpg,West_Ham_United
westham.16.jpg,West_Ham_United
westham.17.jpg,West_Ham_United
westham.18.jpg,West_Ham_United
westham.19.jpg,West_Ham_United
westham.20.jpg,West_Ham_United
westham.21.jpg,West_Ham_United
westham.22.jpg,West_Ham_United
westham.23.jpg,West_Ham_United
westham.24.jpg,West_Ham_United
westham.25.jpg,West_Ham_United
wolverhampton.1.jpg,Wolverhampton_Wanderers
wolverhampton.2.jpg,Wolverhampton_Wanderers
wolverhampton.3.jpg,Wolverhampton_Wanderers
wolverhampton.4.jpg,Wolverhampton_Wanderers
wolverhampton.5.jpg,Wolverhampton_Wanderers
wolverhampton.6.jpg,Wolverhampton_Wanderers
wolverhampton.7.jpg,Wolverhampton_Wanderers
wolverhampton.8.jpg,Wolverhampton_Wanderers
wolverhampton.9.jpg,Wolverhampton_Wanderers
wolverhampton.10.jpg,Wolverhampton_Wanderers
wolverhampton.11.jpg,Wolverhampton_Wanderers
wolverhampton.12.jpg,Wolverhampton_Wanderers
wolverhampton.13.jpg,Wolverhampton_Wanderers
wolverhampton.14.jpg,Wolverhampton_Wanderers
wolverhampton.15.jpg,Wolverhampton_Wanderers
wolverhampton.16.jpg,Wolverhampton_Wanderers
wolverhampton.17.jpg,Wolverhampton_Wanderers
wolverhampton.18.jpg,Wolverhampton_Wanderers
wolverhampton.19.jpg,Wolverhampton_Wanderers
wolverhampton.20.jpg,Wolverhampton_Wanderers
wolverhampton.21.jpg,Wolverhampton_Wanderers
wolverhampton.22.jpg,Wolverhampton_Wanderers
wolverhampton.23.jpg,Wolverhampton_Wanderers
wolverhampton.24.jpg,Wolverhampton_Wanderers
wolverhampton.25.jpg,Wolverhampton_Wanderers